1,Direct Quality Architect,Representative,600
2,Dynamic Web Facilitator,Orchestrator,400
3,Global Integration Liaison,Officer,900
4,Product Metrics Consultant,Agent,500
5,Dynamic Accountability Officer,Consultant,600
6,District Security Officer,Orchestrator,2000
7,Regional Markets Developer,Agent,1000
8,Corporate Implementation Facilitator,Manager,700
9,Central Division Director,Liaison,900
10,Legacy Security Coordinator,Engineer,300
11,Internal Accounts Strategist,Associate,700
12,Corporate Accountability Representative,Producer,300
13,Customer Implementation Officer,Specialist,2000
14,National Creative Technician,Specialist,400
15,Lead Quality Director,Administrator,1000
16,Central Data Agent,Consultant,300
17,Dynamic Intranet Planner,Associate,900
18,Customer Response Coordinator,Associate,900
19,Lead Response Specialist,Planner,600
20,Future Factors Administrator,Officer,1500
21,Corporate Optimization Developer,Developer,300
22,Global Marketing Designer,Facilitator,2000
23,Dynamic Branding Specialist,Liaison,400
24,Internal Identity Strategist,Strategist,700
25,Global Interactions Engineer,Supervisor,2000
26,Principal Configuration Producer,Representative,400
27,Product Infrastructure Supervisor,Orchestrator,500
28,Internal Factors Strategist,Officer,800
29,Dynamic Configuration Orchestrator,Coordinator,1000
30,Future Data Supervisor,Liaison,600
31,Direct Assurance Officer,Orchestrator,700
32,Regional Configuration Manager,Consultant,400
33,Regional Optimization Associate,Engineer,2000
34,Product Intranet Consultant,Supervisor,800
35,Dynamic Communications Engineer,Orchestrator,1500
36,Corporate Infrastructure Developer,Technician,2000
37,Product Web Associate,Architect,1000
38,District Markets Supervisor,Executive,300
39,Internal Functionality Designer,Architect,500
40,Corporate Division Manager,Manager,500
41,Principal Factors Supervisor,Representative,1500
42,Regional Paradigm Associate,Specialist,2000
43,Global Data Director,Orchestrator,900
44,International Integration Director,Strategist,400
45,Forward Infrastructure Strategist,Officer,400
46,Corporate Functionality Orchestrator,Director,1500
47,Global Applications Liaison,Analyst,1000
48,Senior Directives Officer,Assistant,1000
49,Central Accounts Director,Planner,2000
50,Lead Communications Producer,Producer,2000
51,Regional Implementation Executive,Administrator,500
52,Product Integration Agent,Liaison,2000
53,Future Data Liaison,Manager,900
54,Principal Infrastructure Supervisor,Representative,2000
55,Human Integration Architect,Representative,1000
56,Legacy Accountability Engineer,Officer,2000
57,Customer Paradigm Associate,Director,500
58,Senior Operations Facilitator,Designer,500
59,Product Web Administrator,Facilitator,600
60,National Functionality Technician,Producer,900
61,Central Operations Associate,Specialist,400
62,Central Integration Manager,Producer,700
63,Lead Marketing Producer,Consultant,500
64,Central Tactics Associate,Designer,900
65,Human Creative Specialist,Engineer,600
66,Internal Configuration Director,Officer,700
67,Global Creative Associate,Supervisor,600
68,District Group Developer,Developer,1000
69,District Optimization Technician,Developer,800
70,National Communications Orchestrator,Executive,1500
71,Corporate Brand Architect,Agent,800
72,International Metrics Designer,Manager,1500
73,District Communications Technician,Producer,300
74,Direct Branding Supervisor,Producer,1500
75,Dynamic Implementation Manager,Executive,1500
76,Central Brand Consultant,Analyst,800
77,Dynamic Solutions Developer,Planner,800
78,Product Interactions Developer,Assistant,2000
79,Dynamic Quality Coordinator,Supervisor,1500
80,Legacy Solutions Associate,Producer,300
81,Central Marketing Producer,Facilitator,700
82,Regional Solutions Developer,Supervisor,500
83,Human Security Strategist,Administrator,600
84,Direct Research Strategist,Analyst,2000
85,Central Mobility Producer,Designer,1000
86,Principal Usability Producer,Manager,2000
87,Forward Implementation Facilitator,Orchestrator,900
88,Future Tactics Technician,Engineer,500
89,Central Accountability Strategist,Facilitator,1000
90,Future Branding Facilitator,Producer,500
91,Product Division Specialist,Technician,2000
92,Future Communications Planner,Liaison,500
93,Dynamic Operations Administrator,Manager,1500
94,Lead Mobility Associate,Planner,700
95,Regional Implementation Officer,Executive,1500
96,Dynamic Brand Analyst,Executive,900
97,Central Configuration Administrator,Specialist,700
98,Human Research Facilitator,Administrator,700
99,Forward Accounts Administrator,Representative,1500
100,Chief Response Assistant,Officer,1500
101,International Usability Orchestrator,Analyst,900
102,Product Brand Coordinator,Planner,1000
103,Internal Paradigm Planner,Supervisor,800
104,National Response Developer,Specialist,400
105,District Marketing Developer,Planner,700
106,International Program Technician,Strategist,600
107,Future Applications Manager,Coordinator,700
108,District Functionality Analyst,Manager,300
109,Regional Solutions Supervisor,Engineer,600
110,Forward Security Planner,Manager,500
111,Product Program Engineer,Technician,1500
112,Direct Applications Consultant,Representative,300
113,Internal Interactions Producer,Administrator,1500
114,Customer Infrastructure Director,Manager,700
115,Dynamic Paradigm Developer,Facilitator,1000
116,Global Operations Coordinator,Supervisor,900
117,Direct Research Consultant,Planner,300
118,Legacy Configuration Administrator,Analyst,500
119,Chief Quality Technician,Administrator,600
120,Dynamic Marketing Producer,Executive,1500
121,Global Optimization Designer,Director,300
122,Forward Accountability Orchestrator,Director,500
123,Global Response Consultant,Planner,1000
124,Dynamic Factors Agent,Technician,1000
125,Investor Identity Agent,Orchestrator,1000
126,Regional Mobility Producer,Analyst,600
127,Product Mobility Officer,Supervisor,300
128,Principal Program Executive,Analyst,600
129,Investor Infrastructure Executive,Specialist,1000
130,Legacy Configuration Agent,Analyst,600
131,District Quality Executive,Agent,1000
132,Dynamic Operations Manager,Analyst,400
133,Dynamic Infrastructure Architect,Analyst,300
134,Legacy Response Strategist,Orchestrator,1500
135,Dynamic Operations Coordinator,Designer,400
136,Product Applications Architect,Supervisor,2000
137,Senior Paradigm Strategist,Developer,2000
138,Product Research Orchestrator,Facilitator,300
139,Dynamic Program Agent,Liaison,1000
140,Internal Data Developer,Strategist,700
141,Global Group Liaison,Agent,700
142,Principal Operations Coordinator,Architect,800
143,Dynamic Accounts Executive,Liaison,600
144,Product Division Liaison,Designer,400
145,Corporate Implementation Associate,Technician,700
146,Direct Research Assistant,Agent,1500
147,Direct Program Engineer,Analyst,600
148,Lead Integration Associate,Coordinator,800
149,Direct Applications Developer,Manager,600
150,Central Operations Supervisor,Manager,500
151,Investor Marketing Coordinator,Supervisor,1000
152,Central Infrastructure Designer,Associate,700
153,Forward Quality Executive,Coordinator,600
154,Corporate Factors Consultant,Analyst,1000
155,Senior Web Administrator,Associate,300
156,Customer Mobility Designer,Strategist,500
157,Corporate Brand Engineer,Administrator,2000
158,Investor Tactics Executive,Engineer,1500
159,Principal Optimization Producer,Strategist,600
160,Product Implementation Facilitator,Analyst,500
161,Regional Markets Designer,Strategist,400
162,Senior Intranet Orchestrator,Strategist,1500
163,National Functionality Liaison,Administrator,800
164,Principal Mobility Developer,Officer,700
165,Product Intranet Director,Liaison,300
166,Senior Research Assistant,Representative,900
167,Global Optimization Agent,Consultant,300
168,Global Research Strategist,Strategist,800
169,International Quality Administrator,Consultant,600
170,Chief Creative Liaison,Supervisor,900
171,Regional Communications Manager,Orchestrator,1500
172,Global Accountability Manager,Supervisor,800
173,District Integration Executive,Consultant,500
174,Dynamic Identity Coordinator,Technician,300
175,Customer Configuration Architect,Supervisor,500
176,Future Data Facilitator,Designer,2000
177,Product Integration Assistant,Supervisor,900
178,Legacy Solutions Producer,Orchestrator,1500
179,National Brand Agent,Facilitator,800
180,Principal Implementation Executive,Planner,2000
181,Lead Communications Producer,Planner,2000
182,Forward Infrastructure Analyst,Consultant,900
183,Future Configuration Planner,Engineer,1000
184,Lead Response Technician,Technician,500
185,International Optimization Technician,Manager,900
186,International Assurance Manager,Facilitator,400
187,Chief Accounts Developer,Coordinator,500
188,Legacy Group Designer,Facilitator,800
189,Senior Group Consultant,Director,300
190,Direct Response Analyst,Administrator,500
191,Direct Tactics Engineer,Administrator,400
192,Senior Configuration Specialist,Strategist,1500
193,Corporate Response Engineer,Technician,1000
194,Principal Implementation Technician,Executive,400
195,Internal Group Supervisor,Agent,300
196,Dynamic Assurance Designer,Agent,500
197,Senior Markets Analyst,Manager,500
198,Dynamic Group Specialist,Consultant,300
199,Regional Applications Specialist,Analyst,1500
200,Dynamic Assurance Representative,Producer,800
201,Human Program Engineer,Architect,800
202,Chief Implementation Supervisor,Agent,800
203,Central Configuration Developer,Consultant,900
204,Senior Communications Strategist,Facilitator,400
205,National Applications Manager,Executive,500
206,Forward Marketing Executive,Consultant,700
207,Product Infrastructure Orchestrator,Assistant,800
208,Dynamic Web Representative,Designer,700
209,Investor Directives Producer,Specialist,300
210,National Integration Supervisor,Planner,300
211,Product Data Producer,Coordinator,900
212,Direct Solutions Officer,Developer,1000
213,International Branding Associate,Designer,600
214,Product Marketing Manager,Administrator,400
215,Regional Identity Developer,Designer,300
216,National Solutions Assistant,Manager,400
217,Investor Markets Planner,Administrator,400
218,District Intranet Strategist,Technician,600
219,Dynamic Research Assistant,Representative,1000
220,Global Research Executive,Director,300
221,Legacy Creative Administrator,Producer,400
222,Customer Program Agent,Representative,900
223,Product Interactions Technician,Agent,900
224,Internal Infrastructure Orchestrator,Director,500
225,Internal Mobility Analyst,Strategist,1000
226,Central Configuration Supervisor,Representative,400
227,Global Markets Administrator,Planner,700
228,Corporate Security Executive,Manager,1500
229,Regional Metrics Officer,Producer,600
230,Future Directives Coordinator,Administrator,400
231,Global Markets Manager,Agent,1000
232,Internal Optimization Planner,Specialist,300
233,Direct Markets Planner,Manager,400
234,International Accounts Facilitator,Developer,1000
235,International Division Facilitator,Engineer,1500
236,Internal Mobility Specialist,Supervisor,700
237,District Security Director,Consultant,600
238,Customer Tactics Developer,Developer,1500
239,Human Infrastructure Engineer,Representative,2000
240,Dynamic Accounts Agent,Technician,2000
241,Legacy Accountability Representative,Orchestrator,300
242,Investor Paradigm Planner,Manager,900
243,Corporate Tactics Liaison,Architect,700
244,Regional Paradigm Supervisor,Director,1000
245,Corporate Program Architect,Representative,900
246,Human Marketing Orchestrator,Representative,300
247,Legacy Division Supervisor,Officer,1000
248,Regional Assurance Engineer,Orchestrator,500
249,Dynamic Intranet Developer,Associate,400
250,National Metrics Administrator,Facilitator,800
251,Legacy Creative Technician,Producer,800
252,Direct Research Engineer,Specialist,300
253,Customer Group Facilitator,Designer,500
254,Direct Accountability Agent,Technician,1500
255,Dynamic Paradigm Liaison,Architect,800
256,Senior Applications Technician,Assistant,1000
257,Investor Metrics Representative,Architect,600
258,Dynamic Paradigm Designer,Liaison,400
259,Central Response Orchestrator,Officer,2000
260,District Division Manager,Coordinator,300
261,Dynamic Research Specialist,Agent,2000
262,Principal Optimization Analyst,Director,500
263,Dynamic Web Liaison,Planner,2000
264,Human Assurance Agent,Executive,2000
265,Principal Paradigm Analyst,Executive,1500
266,Direct Usability Administrator,Director,1000
267,Legacy Security Associate,Representative,800
268,Central Creative Designer,Representative,900
269,Forward Research Consultant,Architect,400
270,Chief Integration Designer,Supervisor,1500
271,Investor Division Producer,Orchestrator,500
272,National Configuration Planner,Associate,300
273,District Interactions Architect,Strategist,900
274,National Identity Officer,Designer,600
275,Customer Functionality Liaison,Consultant,700
276,Customer Brand Technician,Liaison,300
277,Forward Quality Officer,Representative,2000
278,National Factors Associate,Technician,800
279,Lead Creative Designer,Administrator,2000
280,Lead Interactions Developer,Planner,900
281,Regional Solutions Representative,Planner,300
282,Senior Accounts Representative,Officer,1500
283,Customer Metrics Consultant,Coordinator,300
284,Product Mobility Assistant,Representative,900
285,Investor Functionality Liaison,Orchestrator,300
286,Dynamic Metrics Agent,Producer,1000
287,Corporate Tactics Technician,Technician,2000
288,Regional Accountability Consultant,Orchestrator,400
289,Human Accounts Representative,Consultant,900
290,Chief Mobility Analyst,Manager,700
291,Direct Assurance Consultant,Producer,700
292,Regional Branding Administrator,Officer,600
293,Regional Communications Architect,Manager,2000
294,International Integration Administrator,Consultant,500
295,Future Brand Engineer,Architect,500
296,Future Infrastructure Planner,Analyst,600
297,Central Program Director,Officer,300
298,National Security Analyst,Supervisor,1500
299,Direct Tactics Strategist,Architect,400
300,Legacy Quality Designer,Analyst,900
301,District Creative Coordinator,Administrator,300
302,Investor Intranet Developer,Facilitator,1000
303,District Research Producer,Planner,900
304,Future Data Assistant,Designer,1500
305,Future Research Executive,Liaison,2000
306,Senior Web Associate,Supervisor,700
307,Corporate Accountability Director,Assistant,500
308,Product Assurance Designer,Specialist,800
309,Global Metrics Agent,Associate,300
310,Customer Division Supervisor,Manager,2000
311,Future Brand Supervisor,Officer,600
312,Forward Optimization Assistant,Director,2000
313,Dynamic Operations Producer,Developer,600
314,Dynamic Interactions Producer,Planner,700
315,Chief Intranet Executive,Coordinator,1000
316,Corporate Configuration Manager,Analyst,500
317,Forward Implementation Analyst,Specialist,900
318,Human Research Specialist,Executive,800
319,Global Creative Officer,Associate,900
320,Product Branding Engineer,Producer,600
321,Direct Functionality Coordinator,Technician,900
322,National Identity Agent,Coordinator,500
323,Dynamic Assurance Designer,Consultant,2000
324,International Marketing Analyst,Executive,500
325,Legacy Usability Representative,Supervisor,1000
326,Global Accounts Consultant,Administrator,900
327,International Quality Orchestrator,Administrator,800
328,Corporate Group Manager,Agent,300
329,Chief Optimization Technician,Developer,1500
330,Central Intranet Engineer,Consultant,800
331,Customer Tactics Officer,Administrator,1500
332,Lead Solutions Orchestrator,Designer,500
333,Customer Creative Agent,Assistant,900
334,Chief Creative Producer,Representative,600
335,Chief Program Representative,Producer,700
336,Direct Metrics Strategist,Designer,800
337,Principal Creative Developer,Technician,500
338,Dynamic Assurance Architect,Assistant,500
339,Principal Marketing Supervisor,Architect,800
340,Internal Accountability Analyst,Architect,400
341,Senior Factors Analyst,Architect,500
342,Central Directives Coordinator,Coordinator,600
343,Future Intranet Strategist,Producer,700
344,Central Brand Director,Designer,300
345,Senior Division Strategist,Facilitator,900
346,Principal Functionality Analyst,Strategist,1500
347,Regional Configuration Facilitator,Engineer,400
348,Direct Accountability Facilitator,Specialist,900
349,Investor Paradigm Planner,Associate,600
350,Central Metrics Facilitator,Developer,700
351,Internal Marketing Supervisor,Officer,1500
352,District Group Associate,Officer,700
353,Customer Solutions Administrator,Producer,800
354,Forward Program Administrator,Director,500
355,Central Assurance Agent,Executive,900
356,Product Accounts Specialist,Agent,400
357,District Functionality Associate,Planner,2000
358,Global Data Analyst,Assistant,1000
359,International Brand Executive,Officer,300
360,Investor Solutions Director,Consultant,2000
361,Corporate Markets Coordinator,Representative,700
362,Future Program Consultant,Liaison,1000
363,Forward Web Strategist,Specialist,300
364,Legacy Interactions Specialist,Technician,400
365,Senior Applications Designer,Developer,400
366,Forward Solutions Architect,Consultant,400
367,Central Group Associate,Developer,300
368,Customer Group Representative,Liaison,800
369,Lead Marketing Administrator,Specialist,800
370,District Marketing Orchestrator,Orchestrator,600
371,Dynamic Web Producer,Producer,1500
372,Principal Configuration Representative,Manager,300
373,Dynamic Interactions Agent,Representative,600
374,Dynamic Optimization Consultant,Analyst,500
375,Chief Applications Coordinator,Director,600
376,Forward Applications Agent,Manager,1500
377,Internal Web Technician,Representative,800
378,Lead Accounts Agent,Representative,1000
379,Chief Paradigm Consultant,Producer,1500
380,National Solutions Representative,Facilitator,500
381,Lead Assurance Executive,Agent,800
382,Central Tactics Analyst,Producer,400
383,Senior Markets Designer,Manager,700
384,Product Infrastructure Supervisor,Strategist,800
385,National Marketing Associate,Supervisor,500
386,Forward Assurance Designer,Architect,400
387,Product Assurance Liaison,Supervisor,900
388,Internal Data Coordinator,Agent,1000
389,Customer Usability Associate,Liaison,700
390,Forward Division Assistant,Developer,500
391,Forward Accountability Agent,Assistant,800
392,Dynamic Branding Producer,Architect,800
393,Human Configuration Technician,Associate,500
394,Global Markets Designer,Facilitator,300
395,Customer Functionality Designer,Supervisor,300
396,District Security Specialist,Producer,1500
397,Principal Usability Administrator,Strategist,500
398,Global Mobility Consultant,Planner,1000
399,Principal Branding Agent,Consultant,400
400,Future Usability Executive,Associate,2000
401,Direct Division Officer,Associate,1000
402,Senior Infrastructure Developer,Technician,600
403,Regional Marketing Coordinator,Technician,1000
404,Senior Applications Planner,Officer,700
405,Dynamic Infrastructure Officer,Architect,400
406,National Intranet Architect,Director,300
407,Principal Tactics Associate,Designer,1000
408,Dynamic Mobility Coordinator,Representative,2000
409,Direct Accountability Manager,Specialist,600
410,Direct Tactics Manager,Executive,800
411,Investor Tactics Designer,Director,1500
412,Dynamic Operations Manager,Technician,400
413,Internal Operations Consultant,Producer,500
414,Dynamic Web Engineer,Orchestrator,400
415,Legacy Interactions Producer,Orchestrator,2000
416,Internal Accountability Manager,Manager,500
417,International Brand Designer,Agent,500
418,Customer Directives Developer,Specialist,1500
419,Future Group Specialist,Orchestrator,400
420,Forward Implementation Coordinator,Executive,1500
421,Customer Markets Representative,Manager,1500
422,Central Markets Technician,Analyst,2000
423,Human Brand Strategist,Strategist,600
424,Future Accounts Strategist,Engineer,300
425,Dynamic Communications Administrator,Associate,600
426,Central Directives Supervisor,Planner,600
427,Chief Directives Planner,Liaison,1500
428,National Operations Coordinator,Administrator,300
429,Dynamic Functionality Associate,Agent,900
430,Chief Creative Designer,Orchestrator,500
431,Global Research Analyst,Architect,1500
432,Chief Functionality Facilitator,Director,300
433,District Mobility Producer,Facilitator,800
434,International Response Director,Associate,1500
435,Internal Communications Administrator,Representative,1500
436,District Implementation Administrator,Engineer,1500
437,National Branding Consultant,Producer,1500
438,Investor Brand Manager,Facilitator,900
439,Forward Paradigm Orchestrator,Associate,300
440,Legacy Security Engineer,Executive,800
441,Forward Web Representative,Agent,800
442,Product Functionality Planner,Executive,700
443,Chief Integration Planner,Specialist,700
444,Principal Interactions Administrator,Consultant,500
445,Regional Quality Specialist,Director,700
446,Global Applications Administrator,Executive,2000
447,National Data Technician,Analyst,400
448,Future Division Liaison,Developer,600
449,Internal Quality Administrator,Assistant,800
450,Central Integration Facilitator,Planner,1500
451,Senior Intranet Planner,Director,1000
452,Direct Intranet Producer,Associate,1500
453,District Branding Facilitator,Assistant,1500
454,Forward Interactions Developer,Consultant,1000
455,Future Data Supervisor,Coordinator,800
456,Human Interactions Administrator,Consultant,900
457,Senior Accounts Executive,Strategist,700
458,Chief Mobility Associate,Executive,300
459,Customer Division Analyst,Coordinator,800
460,Principal Program Designer,Agent,1500
461,District Markets Agent,Director,500
462,Product Accountability Supervisor,Engineer,500
463,Senior Intranet Technician,Designer,300
464,Corporate Mobility Technician,Analyst,900
465,District Directives Officer,Engineer,1500
466,Chief Tactics Representative,Representative,800
467,Senior Security Executive,Liaison,500
468,Principal Factors Supervisor,Administrator,900
469,Global Division Manager,Specialist,1000
470,Investor Response Agent,Engineer,2000
471,Senior Web Officer,Facilitator,1000
472,Future Operations Engineer,Strategist,1000
473,Chief Metrics Supervisor,Manager,800
474,Central Configuration Strategist,Planner,900
475,Dynamic Implementation Consultant,Engineer,800
476,National Mobility Facilitator,Representative,600
477,National Research Analyst,Strategist,1000
478,International Usability Technician,Consultant,800
479,Future Program Analyst,Producer,2000
480,Global Markets Agent,Liaison,1000
481,Global Metrics Executive,Manager,1000
482,Internal Directives Engineer,Facilitator,1000
483,Customer Communications Representative,Designer,1000
484,Dynamic Markets Engineer,Facilitator,300
485,Product Accountability Liaison,Orchestrator,600
486,Dynamic Implementation Technician,Strategist,1500
487,Dynamic Usability Strategist,Representative,1500
488,Product Brand Agent,Officer,400
489,Internal Mobility Producer,Liaison,400
490,Corporate Data Technician,Liaison,400
491,Legacy Branding Representative,Director,700
492,Senior Usability Facilitator,Specialist,1500
493,International Factors Consultant,Architect,400
494,Legacy Infrastructure Coordinator,Planner,900
495,Regional Research Assistant,Specialist,900
496,District Branding Supervisor,Designer,800
497,Global Assurance Consultant,Strategist,800
498,International Accounts Administrator,Orchestrator,1500
499,Human Tactics Officer,Engineer,300
500,Investor Configuration Director,Orchestrator,700
##
1,Jacobson,Horacio,Direct Program Orchestrator,403
2,Moen,Lucienne,Senior Usability Officer,409
3,Tromp,Yasmine,Future Accountability Liaison,174
4,Heaney,Myriam,Forward Usability Representative,372
5,Marquardt,Arianna,Forward Accounts Agent,78
6,Runte,Davion,Principal Implementation Orchestrator,174
7,Gutmann,Hilda,Central Factors Architect,382
8,Sanford,Haleigh,District Quality Officer,482
9,Mante,Santiago,Dynamic Research Representative,183
10,Gerlach,Howard,National Data Orchestrator,235
11,Koss,Syble,Chief Markets Manager,479
12,Corwin,Modesto,Dynamic Branding Manager,381
13,Schumm,Paul,National Quality Technician,338
14,Buckridge,Nella,Global Directives Analyst,63
15,Flatley,Jakob,Dynamic Intranet Designer,494
16,Heaney,Alvena,Chief Usability Facilitator,154
17,Kulas,Marcos,Future Paradigm Supervisor,350
18,Will,Nelson,Global Data Orchestrator,245
19,Davis,Donnell,Forward Markets Agent,359
20,Rutherford,Marlee,Chief Metrics Engineer,87
21,Jaskolski,Yessenia,Principal Brand Designer,2
22,Schmeler,Jermey,Regional Metrics Agent,329
23,Braun,Alysha,Corporate Infrastructure Consultant,90
24,Walter,Clark,Dynamic Branding Agent,230
25,Walker,Jaren,International Factors Producer,399
26,Von,Elva,Investor Branding Developer,446
27,Eichmann,Alana,Dynamic Marketing Director,368
28,Gibson,Bryon,District Markets Orchestrator,0
29,Schinner,Paula,Future Directives Representative,345
30,Windler,Alphonso,International Metrics Supervisor,186
31,Denesik,Bethel,Forward Infrastructure Coordinator,403
32,Walsh,Prince,Human Optimization Consultant,485
33,Auer,Shaylee,Customer Metrics Assistant,367
34,Kulas,Lester,Product Intranet Manager,476
35,Rodriguez,Geovany,Chief Response Strategist,39
36,Kreiger,Meghan,Direct Interactions Officer,171
37,Wolff,Lukas,Forward Interactions Analyst,330
38,Franecki,Samson,National Optimization Supervisor,297
39,Hettinger,Quinten,Principal Quality Orchestrator,324
40,Toy,Daisha,Internal Accountability Director,387
41,Rippin,Hector,Internal Group Consultant,20
42,Gutmann,Joanny,Senior Infrastructure Facilitator,357
43,Christiansen,Myrtle,National Operations Analyst,142
44,Jerde,Annabel,Senior Implementation Consultant,12
45,Emard,Ladarius,Direct Group Designer,20
46,VonRueden,Maggie,Regional Configuration Planner,200
47,Schultz,Deangelo,Lead Response Orchestrator,69
48,Rau,Rod,Direct Markets Strategist,368
49,Ward,Vesta,Investor Mobility Associate,414
50,Moore,Audie,International Tactics Planner,57
51,Kuhn,Elizabeth,Chief Implementation Consultant,134
52,Mitchell,Justina,Principal Tactics Associate,294
53,Blanda,Paula,Dynamic Solutions Associate,78
54,Stamm,Mohammad,Central Accountability Facilitator,307
55,Swaniawski,Lucious,Dynamic Mobility Manager,272
56,Greenholt,Doug,Senior Directives Manager,340
57,Jerde,Liliana,Global Division Designer,332
58,O'Connell,Maddison,Forward Identity Strategist,64
59,Monahan,Friedrich,Direct Solutions Analyst,198
60,Senger,Trinity,Human Marketing Architect,456
61,Muller,Piper,International Response Supervisor,31
62,Lind,Magdalen,Internal Mobility Facilitator,136
63,Bauch,Lucious,Forward Intranet Developer,246
64,Jerde,Petra,Principal Marketing Producer,111
65,Ankunding,Angie,Future Integration Manager,477
66,Volkman,Harmony,Future Implementation Coordinator,8
67,Harvey,Roy,Customer Accountability Officer,32
68,Spencer,Shanny,Dynamic Communications Supervisor,24
69,Heidenreich,Lafayette,Customer Group Producer,141
70,King,Dorian,Dynamic Division Orchestrator,438
71,O'Reilly,Gladys,Dynamic Identity Consultant,197
72,Lubowitz,Vito,Investor Accounts Engineer,153
73,McCullough,Dudley,National Configuration Officer,124
74,Cummerata,Conor,Global Marketing Architect,283
75,Spencer,Lauriane,Direct Web Designer,66
76,Dicki,Nils,District Response Analyst,360
77,Stokes,Keven,District Brand Strategist,196
78,Runolfsdottir,Kaitlin,Global Security Agent,471
79,Predovic,Marina,Chief Factors Liaison,207
80,Schmeler,Lexus,Product Response Assistant,334
81,Weissnat,Alfreda,Principal Metrics Orchestrator,369
82,Russel,Royal,Forward Applications Agent,154
83,Brown,Norval,Future Identity Consultant,184
84,Gottlieb,Tyrel,Customer Marketing Officer,309
85,Abshire,Xzavier,Global Directives Producer,132
86,Grant,Pablo,Lead Data Analyst,456
87,Murray,Malika,Dynamic Tactics Specialist,234
88,Schroeder,Claudine,Forward Quality Strategist,73
89,Daniel,Kirk,Direct Quality Executive,281
90,O'Reilly,Syble,Principal Factors Analyst,339
91,Stokes,Marcelle,Customer Communications Administrator,287
92,Sanford,Giles,Customer Division Strategist,147
93,Kris,Adella,Dynamic Markets Analyst,481
94,Murazik,Susie,Internal Marketing Specialist,51
95,Williamson,Chad,Lead Interactions Architect,181
96,Hudson,Parker,Senior Mobility Supervisor,48
97,Beer,Kirsten,Global Quality Strategist,493
98,Stiedemann,Lamont,Future Accountability Designer,366
99,Moen,Dedric,Dynamic Security Designer,312
100,Herzog,Leila,Dynamic Group Officer,129
101,Huels,Sonny,Internal Web Developer,57
102,Crooks,Frank,Regional Optimization Consultant,260
103,Jacobson,Eryn,District Usability Administrator,283
104,Kuphal,Mallie,Dynamic Brand Director,142
105,Lowe,Bennett,Regional Accounts Agent,1
106,Shanahan,Katrine,Internal Accountability Associate,302
107,Bradtke,Zoie,Global Optimization Officer,404
108,Block,Dewitt,Human Accounts Supervisor,64
109,Keebler,Virginie,Human Operations Representative,7
110,Bauch,Rolando,Internal Optimization Associate,483
111,Ebert,Connor,Legacy Marketing Strategist,24
112,D'Amore,Justus,Product Branding Director,228
113,Considine,Favian,District Optimization Engineer,319
114,Mitchell,Clair,Senior Accounts Facilitator,493
115,Kertzmann,Emelie,Customer Security Executive,406
116,Bahringer,Reginald,Human Applications Planner,292
117,Waelchi,Alaina,Legacy Group Coordinator,197
118,Nikolaus,Megane,Direct Creative Executive,115
119,Homenick,Ara,Chief Security Architect,64
120,Schmidt,Marcelo,Regional Optimization Director,274
121,Smith,Ezra,Chief Group Planner,123
122,Stanton,Jenifer,Future Creative Executive,225
123,Bradtke,Raven,Human Program Consultant,393
124,Roob,Fanny,Internal Security Architect,148
125,Stoltenberg,Leonard,Investor Applications Producer,137
126,Barton,Braulio,District Paradigm Agent,135
127,Keebler,Cedrick,National Accounts Representative,39
128,Walker,Emerson,Direct Functionality Engineer,385
129,Kessler,Westley,Investor Division Facilitator,3
130,Oberbrunner,Trinity,Corporate Response Executive,203
131,Wyman,Sherman,Lead Optimization Executive,441
132,Gleichner,Dawson,Customer Accounts Facilitator,11
133,Dare,Jaquelin,Senior Factors Executive,316
134,VonRueden,Agnes,Principal Quality Manager,128
135,Davis,Clint,Legacy Accounts Manager,425
136,Boyle,Bernhard,Senior Metrics Producer,211
137,Kozey,Nichole,Dynamic Data Designer,315
138,Howell,Camylle,Principal Configuration Producer,413
139,Heathcote,Norma,Corporate Configuration Engineer,249
140,Schroeder,Francisca,Internal Infrastructure Developer,346
141,Greenholt,Raymundo,Customer Accounts Producer,329
142,Zulauf,Aylin,Legacy Group Assistant,362
143,Jaskolski,Josiane,District Solutions Designer,277
144,Labadie,Juliana,Corporate Group Administrator,242
145,Koepp,Rita,Investor Metrics Officer,465
146,Tillman,Taurean,Direct Tactics Orchestrator,91
147,Stokes,Lucie,Legacy Branding Manager,294
148,Conn,Valentina,Internal Assurance Executive,246
149,Hamill,Marlee,Internal Branding Designer,463
150,Weber,Zion,Future Factors Representative,440
151,Orn,Terry,International Implementation Strategist,203
152,O'Keefe,Lucas,Senior Accounts Executive,281
153,Toy,Brigitte,Principal Security Executive,65
154,Hermann,Alize,Legacy Assurance Liaison,154
155,Boyer,Mallory,Regional Data Architect,267
156,Cronin,Coralie,Human Assurance Representative,12
157,Stokes,Dewayne,District Solutions Manager,31
158,Jones,Josefa,District Quality Facilitator,114
159,Rau,Lionel,Corporate Web Architect,16
160,Farrell,Abdul,Regional Branding Planner,6
161,Hackett,Garfield,District Usability Director,202
162,Schulist,Zella,Senior Data Director,247
163,Ryan,Dominic,Principal Tactics Engineer,231
164,Schroeder,Phyllis,Investor Division Designer,332
165,Ankunding,Yadira,Product Usability Executive,145
166,Kilback,Sydnee,Customer Intranet Supervisor,366
167,Gutmann,Afton,Principal Operations Strategist,92
168,Lindgren,Michelle,Lead Marketing Technician,176
169,Kunde,Robert,Regional Accountability Administrator,299
170,Turcotte,Ramiro,Dynamic Program Architect,146
171,Lang,Ressie,Dynamic Markets Architect,131
172,Kilback,Macie,District Factors Analyst,232
173,DuBuque,Teresa,National Division Producer,300
174,Gleichner,Lemuel,Customer Integration Specialist,248
175,Renner,Pearl,Internal Directives Administrator,493
176,Rohan,Webster,Dynamic Interactions Planner,42
177,Corwin,Lucius,International Factors Consultant,101
178,Ziemann,Ferne,Human Creative Liaison,460
179,Harvey,Shane,Lead Program Assistant,27
180,McGlynn,Emelie,Chief Factors Representative,67
181,Powlowski,Baby,Corporate Paradigm Manager,359
182,Glover,Tillman,Lead Integration Assistant,90
183,Eichmann,Bernice,Customer Metrics Administrator,25
184,Lesch,Solon,Legacy Branding Coordinator,217
185,Grimes,Erin,Investor Usability Analyst,482
186,Dietrich,Andre,Human Factors Agent,106
187,Predovic,Larry,Internal Tactics Associate,447
188,Beer,Caitlyn,Product Data Manager,406
189,Dach,Else,Corporate Integration Engineer,166
190,Runte,Tyrell,Dynamic Mobility Executive,445
191,Daniel,Jon,International Functionality Supervisor,320
192,Kling,Cameron,Internal Metrics Supervisor,301
193,VonRueden,Rosetta,Future Communications Liaison,66
194,Herman,Stephan,Human Functionality Orchestrator,455
195,Kutch,Jaleel,Human Response Engineer,158
196,Pacocha,Salma,Customer Accountability Agent,262
197,Schumm,Johathan,Lead Quality Assistant,41
198,Weimann,Norene,Future Applications Executive,85
199,Padberg,Vallie,Global Markets Officer,347
200,Boyle,Isai,Legacy Accounts Orchestrator,276
201,Larkin,Doyle,Dynamic Brand Director,12
202,Bogisich,Hubert,Chief Configuration Architect,474
203,Block,Janiya,International Quality Producer,51
204,Waters,Camille,Dynamic Program Representative,345
205,Legros,Madelynn,Senior Interactions Specialist,276
206,Langworth,Robb,Internal Data Supervisor,373
207,Hessel,Pinkie,Internal Group Officer,456
208,Boyle,Liliane,Forward Paradigm Consultant,370
209,Casper,Herminio,Legacy Mobility Supervisor,237
210,Borer,Laisha,Legacy Optimization Specialist,215
211,Mraz,Christop,Future Mobility Planner,280
212,Hackett,Marisol,Dynamic Response Planner,276
213,Larson,Phyllis,Human Data Associate,209
214,Considine,Amara,Future Group Producer,134
215,Lockman,Novella,National Intranet Associate,118
216,Hilpert,Ethan,Central Implementation Director,57
217,Hyatt,Chance,Central Division Architect,251
218,Blanda,Ewald,Central Optimization Strategist,192
219,Waters,Gene,Forward Marketing Orchestrator,104
220,Strosin,Johnny,Internal Research Designer,145
221,Shields,Winnifred,Internal Usability Agent,315
222,Swaniawski,Velda,Investor Data Architect,32
223,Hagenes,Coy,District Identity Specialist,360
224,Vandervort,Karlie,Direct Security Planner,9
225,Beier,Yvonne,District Accounts Officer,132
226,Abbott,Timothy,Global Marketing Associate,209
227,Howell,Taylor,Global Research Liaison,227
228,Mraz,Henderson,National Quality Developer,4
229,Connelly,Carmelo,Chief Usability Associate,110
230,Collier,Lola,Corporate Security Assistant,54
231,Baumbach,Horacio,Legacy Data Designer,453
232,Vandervort,Zoie,Internal Tactics Architect,285
233,Pfeffer,Colleen,Investor Data Director,463
234,Johnson,Larry,District Applications Officer,361
235,Klocko,Garett,Investor Operations Consultant,222
236,Rempel,Solon,Global Solutions Producer,136
237,Abbott,Kenneth,Global Configuration Executive,175
238,Hahn,Winona,Investor Implementation Representative,254
239,Gerlach,Tyrell,Direct Marketing Representative,263
240,Grant,Rashad,Investor Directives Engineer,320
241,Prosacco,Sabryna,Central Implementation Specialist,331
242,Ruecker,Woodrow,Investor Division Manager,101
243,Cummerata,Justice,Dynamic Web Supervisor,84
244,McLaughlin,Felicity,Human Integration Architect,91
245,Mitchell,Kylie,Product Intranet Planner,238
246,O'Connell,Daron,National Interactions Planner,322
247,Hagenes,Dorris,Global Directives Manager,338
248,Zulauf,Kurtis,Internal Functionality Strategist,332
249,Robel,Tyreek,Product Paradigm Assistant,411
250,Torphy,Winston,Dynamic Configuration Officer,152
251,Haley,Julian,Internal Quality Manager,148
252,Boyer,Demario,Product Markets Assistant,468
253,Reilly,Joelle,National Security Consultant,499
254,Rowe,Annie,Internal Operations Engineer,379
255,Daugherty,Garrison,Legacy Program Manager,485
256,McGlynn,Nicholas,Internal Intranet Director,275
257,Leuschke,Sammie,International Factors Executive,218
258,Hilpert,Penelope,Dynamic Implementation Engineer,161
259,Prosacco,Vernon,Direct Marketing Manager,487
260,O'Reilly,Retha,Legacy Group Developer,117
261,Trantow,Kenton,Product Assurance Manager,322
262,Daniel,Eugenia,Legacy Response Liaison,4
263,Grimes,Maiya,Internal Interactions Analyst,306
264,Beatty,Daija,Dynamic Optimization Orchestrator,71
265,Turcotte,Kelley,Senior Group Representative,391
266,Pagac,Mckayla,Principal Mobility Manager,254
267,Rodriguez,Forest,National Accounts Officer,203
268,Kris,Amy,Central Marketing Liaison,284
269,Kuhn,Rubie,Customer Tactics Strategist,436
270,Kuphal,Anabelle,Customer Markets Supervisor,386
271,Orn,Laurel,Central Branding Liaison,390
272,Buckridge,Yasmin,Forward Implementation Executive,291
273,Schaefer,Cynthia,Internal Factors Developer,3
274,Huels,Hadley,Legacy Quality Consultant,407
275,Schaefer,Desiree,Lead Accountability Specialist,86
276,Grady,Jordon,Lead Operations Technician,407
277,O'Kon,Richmond,Lead Communications Coordinator,142
278,Paucek,Lucy,Central Applications Assistant,138
279,Breitenberg,Marvin,Lead Tactics Agent,184
280,Haag,Chanel,Legacy Branding Specialist,110
281,Lowe,Eddie,Global Research Agent,420
282,Balistreri,Dolly,Human Optimization Developer,25
283,Volkman,Hannah,Principal Implementation Specialist,55
284,Rau,Liliane,Product Interactions Specialist,162
285,Wuckert,Chasity,National Response Coordinator,459
286,Goodwin,Clyde,Lead Applications Executive,405
287,Roob,Alexandra,National Applications Coordinator,380
288,Hahn,Helena,Direct Markets Director,183
289,Kreiger,Alyce,Direct Integration Producer,179
290,Yundt,Larue,Product Assurance Architect,410
291,Grant,Thurman,Regional Solutions Consultant,62
292,Walter,Aniya,National Integration Associate,251
293,Wolf,Edwardo,Chief Data Consultant,189
294,Gottlieb,Tomas,Dynamic Usability Designer,195
295,Ruecker,Emily,Corporate Infrastructure Coordinator,313
296,Ledner,August,Human Data Assistant,393
297,Lesch,Deanna,Corporate Research Producer,259
298,Beier,Barbara,Senior Operations Director,195
299,Reilly,Catherine,Senior Accounts Liaison,163
300,Murray,Daisha,Product Brand Consultant,14
301,Stanton,Guadalupe,National Quality Designer,446
302,Gutkowski,Jermain,Product Brand Liaison,11
303,Gaylord,Kali,Dynamic Identity Designer,50
304,Gerhold,Mathew,Global Group Agent,312
305,West,Ethyl,Senior Intranet Engineer,204
306,Yundt,Sebastian,Future Directives Officer,268
307,Paucek,Moriah,District Configuration Producer,300
308,Wiza,Selina,Direct Communications Executive,58
309,King,Rashad,Dynamic Quality Producer,59
310,Prosacco,Sheldon,Human Web Planner,208
311,Pfannerstill,Torrey,Customer Assurance Officer,439
312,Bahringer,Roman,District Functionality Associate,122
313,Harvey,Sylvan,Corporate Configuration Assistant,161
314,Walsh,Alaina,Product Data Executive,368
315,Shanahan,Toy,Future Interactions Assistant,433
316,Sawayn,Kellen,Dynamic Applications Facilitator,57
317,Harber,Elias,Legacy Configuration Executive,382
318,Gulgowski,Dorris,Global Creative Engineer,35
319,Roob,Jeremy,National Directives Agent,161
320,Cormier,Lillie,International Optimization Agent,280
321,Jacobson,Corine,Central Marketing Executive,128
322,Feest,Marisa,Forward Implementation Planner,404
323,Grant,Lane,Global Research Engineer,110
324,Schmitt,Julian,Chief Metrics Director,121
325,Stark,Jerrold,Senior Infrastructure Technician,7
326,O'Kon,Jadyn,Regional Intranet Officer,38
327,Price,Sabryna,Dynamic Implementation Engineer,424
328,Krajcik,Kris,Direct Web Consultant,189
329,Okuneva,Ernesto,Human Research Orchestrator,488
330,Rath,Alexandra,Principal Identity Associate,158
331,Treutel,Zoey,Chief Assurance Supervisor,403
332,Turcotte,Daisy,Dynamic Program Architect,93
333,Doyle,Quincy,Forward Factors Developer,402
334,Hilpert,Francis,Chief Accountability Executive,215
335,Bogan,Avery,Customer Directives Administrator,25
336,Jaskolski,Tatum,Forward Assurance Liaison,476
337,Reichert,Leonie,Principal Factors Administrator,64
338,Berge,Alphonso,Customer Metrics Liaison,357
339,Smith,Mohammad,Investor Identity Executive,323
340,Waelchi,Justen,Chief Marketing Associate,167
341,Lowe,Antonette,Dynamic Communications Planner,383
342,Stroman,Myriam,Direct Interactions Representative,188
343,Jast,Wilfred,District Branding Consultant,12
344,Reichel,Chadd,Legacy Operations Assistant,166
345,Lowe,Marjolaine,National Communications Liaison,406
346,Spinka,Maxime,National Paradigm Engineer,253
347,Wilkinson,Bobbie,Product Mobility Designer,350
348,Turner,Sabrina,Investor Assurance Facilitator,16
349,Langosh,Mohamed,Product Creative Facilitator,95
350,Schaden,Rosalind,Principal Assurance Producer,322
351,Wunsch,Karley,Chief Program Producer,349
352,Abernathy,Alfreda,Chief Optimization Officer,14
353,Leannon,Alena,Customer Branding Liaison,287
354,Kris,Quinten,Regional Brand Facilitator,290
355,Crist,Paxton,Principal Usability Planner,458
356,Mueller,Elmo,Regional Operations Specialist,290
357,Walter,D'angelo,Forward Group Administrator,266
358,Bernier,Angelo,District Creative Agent,274
359,Heller,Scarlett,Regional Operations Representative,399
360,Frami,Brooks,Product Program Coordinator,36
361,Fisher,Reece,National Creative Assistant,419
362,Crona,Roscoe,Future Directives Officer,225
363,Torp,Ephraim,Central Functionality Strategist,230
364,Pollich,Reba,National Research Consultant,126
365,Jenkins,Jedediah,Lead Division Producer,44
366,Prohaska,Rosemarie,Senior Intranet Representative,288
367,Kub,Dorian,Legacy Web Facilitator,315
368,Roob,Belle,Forward Functionality Orchestrator,194
369,Hegmann,Alana,International Marketing Executive,360
370,Kilback,Emmett,Senior Metrics Liaison,320
371,Cruickshank,Kathryne,Chief Brand Specialist,375
372,Gleason,Rachael,Direct Communications Architect,47
373,Osinski,Davion,Future Accountability Facilitator,5
374,Schimmel,Janiya,Corporate Operations Assistant,132
375,Tromp,Kathleen,Future Markets Representative,260
376,Fisher,Nash,Central Usability Coordinator,399
377,Dickens,Charley,Principal Mobility Developer,401
378,Schneider,Jadon,Chief Markets Analyst,146
379,Lehner,Raina,Central Brand Administrator,25
380,Ward,Jasper,Senior Intranet Administrator,265
381,Walker,Alyce,Global Quality Representative,229
382,Abernathy,Allie,Regional Markets Facilitator,38
383,Watsica,Al,Dynamic Intranet Director,137
384,Corkery,Clarabelle,International Usability Engineer,41
385,Torphy,Jacynthe,Investor Integration Officer,447
386,Marvin,Abdul,Central Usability Orchestrator,204
387,Erdman,Mohammad,Dynamic Security Developer,135
388,Klocko,Caleb,Dynamic Paradigm Technician,80
389,Bergnaum,Nat,Dynamic Mobility Engineer,154
390,Schuster,Nadia,Human Markets Architect,387
391,Gislason,Jon,Regional Integration Designer,386
392,Kemmer,Shaina,Dynamic Directives Orchestrator,173
393,Crooks,Archibald,Dynamic Integration Manager,434
394,Ledner,Richmond,Future Creative Representative,264
395,Ward,Monserrat,Senior Program Administrator,0
396,Roberts,Wyatt,Regional Response Associate,419
397,Gulgowski,Krystina,Senior Directives Designer,346
398,Willms,Floy,Lead Configuration Strategist,149
399,Weber,Tara,District Identity Technician,156
400,Stokes,Royce,Investor Integration Executive,222
401,Kling,Leann,Investor Accountability Specialist,31
402,Robel,Viola,District Metrics Assistant,55
403,Kautzer,Bella,Central Assurance Executive,333
404,Shields,Prince,Customer Branding Engineer,16
405,O'Connell,Stephanie,Direct Marketing Director,132
406,Mraz,Brian,National Accounts Director,352
407,Feil,Fabiola,National Markets Manager,319
408,Collier,Clementina,Dynamic Infrastructure Orchestrator,3
409,Ondricka,Kris,International Marketing Planner,65
410,Lind,Shakira,District Research Executive,61
411,Feeney,Ericka,Dynamic Data Executive,143
412,Hegmann,Garland,Global Operations Technician,377
413,Monahan,Esteban,Principal Configuration Officer,143
414,Kertzmann,Benton,Principal Assurance Engineer,299
415,Prohaska,Camron,Human Marketing Specialist,484
416,Kuhic,Merl,Chief Optimization Agent,474
417,Spinka,Cade,Dynamic Metrics Consultant,391
418,Oberbrunner,Patsy,Forward Implementation Analyst,56
419,Marquardt,Jonas,Forward Communications Executive,298
420,Wunsch,Ernest,Lead Integration Analyst,134
421,Durgan,Delta,National Response Designer,21
422,Macejkovic,Alta,Senior Group Analyst,127
423,Rempel,Gwendolyn,Direct Security Strategist,109
424,Purdy,Tressa,Chief Intranet Strategist,419
425,Schiller,Allan,Chief Infrastructure Consultant,176
426,West,Gloria,Corporate Response Supervisor,5
427,Anderson,Rodolfo,Product Web Facilitator,77
428,Muller,Cathryn,Future Web Strategist,321
429,Konopelski,Maureen,Lead Directives Developer,402
430,Ullrich,Vivianne,Product Identity Administrator,401
431,Harris,Alene,Investor Research Agent,446
432,Satterfield,Danielle,Dynamic Accountability Executive,214
433,Swift,Santina,Corporate Group Specialist,497
434,O'Connell,Darlene,Future Division Analyst,132
435,Kuphal,Elyssa,Human Mobility Administrator,150
436,O'Conner,Wyatt,Principal Operations Administrator,240
437,Nitzsche,Trevion,Dynamic Intranet Specialist,161
438,Carroll,Jamie,Future Identity Architect,484
439,Sauer,Lia,Customer Directives Director,14
440,Rutherford,Helene,Principal Solutions Associate,72
441,Langosh,Filiberto,Principal Directives Developer,167
442,Barton,Caleb,National Markets Manager,89
443,Green,Tressie,Customer Intranet Producer,76
444,Mohr,Angie,Chief Research Engineer,260
445,Dach,Jedediah,Direct Group Planner,312
446,Fisher,Eldred,Dynamic Integration Assistant,157
447,Lehner,Evans,Chief Configuration Executive,220
448,Howe,Corrine,Human Group Agent,421
449,Jenkins,Dulce,Future Implementation Associate,207
450,Kreiger,Callie,Forward Program Director,296
451,Ziemann,Ken,Future Usability Specialist,193
452,Lang,Jaquan,National Functionality Developer,46
453,Steuber,Noble,Chief Paradigm Architect,295
454,Moen,Camryn,Internal Response Manager,403
455,Gusikowski,Leonardo,Regional Research Specialist,59
456,Conn,Alexandrea,Central Metrics Developer,353
457,D'Amore,Cloyd,Senior Quality Consultant,210
458,Crist,Ben,District Group Consultant,241
459,Gaylord,Gwen,Internal Brand Associate,63
460,Heathcote,Ericka,Regional Configuration Representative,314
461,Stoltenberg,Yoshiko,Investor Identity Orchestrator,6
462,DuBuque,Jules,Direct Communications Producer,339
463,Kemmer,Vilma,Direct Accounts Planner,135
464,Shanahan,Dayana,Corporate Creative Administrator,422
465,Marks,Johan,Global Data Developer,267
466,O'Conner,Sid,National Identity Manager,61
467,Treutel,Gabriella,Investor Assurance Architect,384
468,Parisian,Kaya,District Program Facilitator,292
469,Goyette,Hazel,Senior Infrastructure Supervisor,353
470,Jerde,Janessa,Regional Response Facilitator,302
471,Kris,Walker,Principal Configuration Specialist,282
472,Zulauf,Vicky,Global Group Technician,374
473,Wunsch,Waino,Dynamic Brand Engineer,34
474,Carter,Juston,Dynamic Interactions Producer,39
475,Bogisich,Hans,Forward Infrastructure Representative,262
476,Hilll,Dillan,Legacy Configuration Director,301
477,Konopelski,Dianna,Regional Metrics Engineer,378
478,Herzog,Savanna,Legacy Accountability Specialist,292
479,Strosin,Simone,International Branding Designer,171
480,Weissnat,Gardner,Direct Directives Supervisor,332
481,Jakubowski,Micaela,Lead Data Engineer,271
482,Hamill,Timmy,Product Marketing Specialist,275
483,Rosenbaum,Toni,Chief Paradigm Liaison,344
484,Armstrong,Fannie,Principal Assurance Designer,83
485,Wisozk,Zachery,Senior Accountability Associate,96
486,Schaefer,Anna,Global Operations Designer,107
487,Heller,Macy,Lead Optimization Facilitator,480
488,Ward,Noemi,Product Operations Orchestrator,263
489,Considine,Myra,Legacy Operations Consultant,168
490,Shields,Jadyn,Dynamic Optimization Architect,11
491,Crist,Kayla,Investor Solutions Strategist,245
492,Sauer,Adolf,Dynamic Configuration Coordinator,68
493,Kemmer,Roberta,Senior Quality Technician,206
494,Stark,Fiona,Corporate Implementation Developer,379
495,Jenkins,Selena,Central Applications Architect,360
496,Kiehn,Florian,Global Research Architect,3
497,Klocko,Francis,Regional Intranet Producer,416
498,Tremblay,Camylle,Legacy Metrics Manager,241
499,Ondricka,Janae,Regional Tactics Associate,461
500,Kulas,Russ,Chief Data Supervisor,144
###
1,successfully,201
2,not successfully,5
3,successfully,128
4,successfully,13
5,successfully,135
6,not successfully,261
7,successfully,81
8,not successfully,179
9,successfully,80
10,successfully,423
11,not successfully,243
12,successfully,254
13,successfully,203
14,successfully,330
15,not successfully,245
16,successfully,315
17,successfully,132
18,successfully,303
19,successfully,440
20,successfully,324
21,not successfully,310
22,successfully,469
23,successfully,1
24,successfully,4
25,not successfully,439
26,successfully,244
27,not successfully,412
28,successfully,21
29,not successfully,55
30,not successfully,30
31,successfully,39
32,not successfully,309
33,successfully,372
34,not successfully,435
35,not successfully,104
36,not successfully,260
37,successfully,416
38,successfully,141
39,successfully,179
40,successfully,122
41,successfully,9
42,successfully,43
43,not successfully,8
44,not successfully,68
45,successfully,197
46,successfully,188
47,not successfully,278
48,not successfully,251
49,successfully,36
50,successfully,370
51,successfully,289
52,successfully,124
53,not successfully,221
54,successfully,225
55,not successfully,157
56,not successfully,26
57,successfully,12
58,not successfully,352
59,successfully,408
60,not successfully,363
61,successfully,485
62,successfully,201
63,successfully,22
64,successfully,133
65,not successfully,97
66,successfully,255
67,not successfully,110
68,successfully,22
69,not successfully,119
70,successfully,93
71,successfully,238
72,not successfully,169
73,not successfully,251
74,successfully,59
75,successfully,64
76,not successfully,27
77,successfully,202
78,successfully,172
79,not successfully,403
80,successfully,211
81,not successfully,359
82,successfully,298
83,not successfully,493
84,successfully,113
85,not successfully,489
86,not successfully,386
87,successfully,104
88,not successfully,66
89,successfully,290
90,not successfully,161
91,successfully,237
92,not successfully,243
93,not successfully,342
94,successfully,418
95,not successfully,496
96,successfully,215
97,successfully,164
98,not successfully,261
99,not successfully,217
100,successfully,205
101,not successfully,363
102,successfully,357
103,successfully,246
104,successfully,425
105,not successfully,363
106,not successfully,102
107,successfully,177
108,successfully,442
109,successfully,398
110,not successfully,100
111,successfully,318
112,not successfully,292
113,successfully,146
114,successfully,226
115,successfully,352
116,successfully,83
117,not successfully,398
118,successfully,211
119,not successfully,447
120,not successfully,37
121,successfully,74
122,successfully,207
123,successfully,126
124,not successfully,361
125,successfully,58
126,not successfully,316
127,successfully,418
128,successfully,415
129,not successfully,462
130,successfully,6
131,not successfully,20
132,successfully,141
133,successfully,76
134,not successfully,91
135,not successfully,336
136,successfully,229
137,successfully,107
138,not successfully,402
139,not successfully,257
140,successfully,240
141,not successfully,495
142,not successfully,26
143,not successfully,134
144,not successfully,72
145,successfully,123
146,not successfully,312
147,not successfully,56
148,not successfully,276
149,not successfully,453
150,successfully,54
151,not successfully,228
152,successfully,394
153,successfully,411
154,not successfully,67
155,successfully,64
156,not successfully,309
157,not successfully,282
158,successfully,121
159,successfully,192
160,successfully,83
161,successfully,319
162,not successfully,394
163,not successfully,131
164,not successfully,381
165,not successfully,362
166,successfully,128
167,successfully,326
168,successfully,111
169,not successfully,233
170,successfully,365
171,not successfully,388
172,successfully,369
173,successfully,390
174,successfully,9
175,not successfully,387
176,successfully,341
177,not successfully,214
178,not successfully,274
179,successfully,332
180,not successfully,113
181,not successfully,257
182,successfully,143
183,successfully,383
184,successfully,151
185,not successfully,42
186,not successfully,73
187,successfully,281
188,not successfully,489
189,not successfully,198
190,not successfully,384
191,not successfully,228
192,successfully,227
193,successfully,106
194,not successfully,157
195,successfully,299
196,not successfully,430
197,not successfully,111
198,not successfully,375
199,not successfully,77
200,successfully,227
201,successfully,403
202,successfully,55
203,successfully,417
204,not successfully,45
205,not successfully,445
206,successfully,371
207,successfully,243
208,not successfully,37
209,not successfully,161
210,successfully,488
211,not successfully,478
212,successfully,248
213,successfully,481
214,not successfully,176
215,not successfully,98
216,not successfully,487
217,successfully,252
218,successfully,449
219,successfully,0
220,not successfully,314
221,successfully,475
222,successfully,184
223,not successfully,199
224,successfully,8
225,successfully,379
226,not successfully,39
227,successfully,267
228,successfully,476
229,successfully,481
230,not successfully,8
231,not successfully,422
232,successfully,226
233,not successfully,446
234,successfully,187
235,successfully,316
236,not successfully,260
237,not successfully,40
238,successfully,54
239,successfully,253
240,successfully,255
241,not successfully,443
242,successfully,24
243,not successfully,209
244,not successfully,246
245,not successfully,18
246,not successfully,212
247,successfully,15
248,successfully,428
249,not successfully,249
250,not successfully,225
251,not successfully,181
252,successfully,94
253,not successfully,497
254,successfully,360
255,not successfully,92
256,not successfully,65
257,successfully,337
258,not successfully,302
259,not successfully,151
260,not successfully,464
261,successfully,412
262,not successfully,269
263,successfully,46
264,successfully,167
265,not successfully,459
266,successfully,107
267,successfully,3
268,successfully,14
269,not successfully,17
270,not successfully,16
271,not successfully,463
272,not successfully,488
273,not successfully,241
274,successfully,443
275,not successfully,119
276,successfully,105
277,successfully,366
278,not successfully,78
279,successfully,189
280,not successfully,165
281,successfully,210
282,not successfully,232
283,successfully,341
284,successfully,486
285,successfully,204
286,successfully,269
287,successfully,421
288,successfully,266
289,successfully,193
290,not successfully,297
291,successfully,217
292,successfully,202
293,not successfully,418
294,not successfully,41
295,not successfully,493
296,successfully,186
297,successfully,361
298,not successfully,223
299,successfully,489
300,successfully,398
301,successfully,388
302,not successfully,142
303,successfully,265
304,successfully,448
305,successfully,167
306,successfully,30
307,not successfully,274
308,successfully,319
309,not successfully,332
310,not successfully,128
311,successfully,458
312,successfully,377
313,not successfully,458
314,successfully,122
315,successfully,222
316,not successfully,446
317,not successfully,140
318,successfully,390
319,successfully,13
320,not successfully,315
321,successfully,80
322,successfully,492
323,not successfully,74
324,successfully,293
325,successfully,110
326,not successfully,328
327,not successfully,427
328,not successfully,31
329,not successfully,154
330,successfully,377
331,successfully,129
332,successfully,370
333,not successfully,155
334,successfully,86
335,not successfully,299
336,not successfully,272
337,not successfully,72
338,successfully,456
339,successfully,131
340,successfully,188
341,not successfully,43
342,successfully,465
343,not successfully,359
344,successfully,402
345,not successfully,461
346,not successfully,233
347,successfully,94
348,not successfully,137
349,successfully,319
350,not successfully,181
351,successfully,123
352,not successfully,228
353,successfully,385
354,not successfully,391
355,successfully,70
356,successfully,463
357,not successfully,248
358,not successfully,23
359,successfully,214
360,not successfully,87
361,not successfully,37
362,successfully,496
363,successfully,415
364,successfully,218
365,successfully,34
366,successfully,129
367,successfully,81
368,successfully,327
369,not successfully,179
370,not successfully,273
371,successfully,24
372,not successfully,22
373,successfully,357
374,successfully,60
375,not successfully,80
376,not successfully,262
377,successfully,245
378,not successfully,245
379,not successfully,446
380,not successfully,300
381,not successfully,293
382,not successfully,475
383,not successfully,413
384,successfully,115
385,successfully,81
386,successfully,421
387,successfully,493
388,successfully,243
389,not successfully,314
390,not successfully,450
391,not successfully,491
392,not successfully,81
393,successfully,456
394,not successfully,495
395,successfully,10
396,not successfully,156
397,not successfully,249
398,successfully,133
399,successfully,26
400,not successfully,154
401,not successfully,8
402,not successfully,110
403,successfully,322
404,not successfully,4
405,successfully,487
406,not successfully,485
407,successfully,220
408,not successfully,308
409,not successfully,371
410,not successfully,399
411,not successfully,144
412,not successfully,162
413,not successfully,201
414,not successfully,184
415,not successfully,78
416,successfully,275
417,successfully,152
418,not successfully,331
419,successfully,191
420,not successfully,42
421,not successfully,109
422,successfully,198
423,successfully,298
424,not successfully,487
425,not successfully,485
426,not successfully,217
427,successfully,23
428,successfully,75
429,successfully,338
430,successfully,229
431,not successfully,391
432,successfully,368
433,not successfully,312
434,successfully,195
435,not successfully,52
436,successfully,236
437,not successfully,276
438,not successfully,3
439,successfully,301
440,successfully,194
441,not successfully,392
442,successfully,376
443,successfully,108
444,not successfully,358
445,not successfully,115
446,successfully,111
447,not successfully,367
448,successfully,278
449,successfully,63
450,successfully,8
451,not successfully,429
452,successfully,207
453,successfully,308
454,not successfully,138
455,not successfully,493
456,not successfully,393
457,successfully,272
458,not successfully,22
459,successfully,93
460,successfully,237
461,successfully,199
462,successfully,265
463,not successfully,57
464,not successfully,170
465,not successfully,403
466,not successfully,270
467,successfully,472
468,successfully,75
469,successfully,442
470,successfully,338
471,successfully,390
472,not successfully,401
473,not successfully,124
474,not successfully,16
475,successfully,0
476,successfully,485
477,successfully,389
478,not successfully,40
479,successfully,269
480,not successfully,65
481,not successfully,393
482,successfully,331
483,successfully,302
484,successfully,41
485,not successfully,102
486,not successfully,437
487,not successfully,242
488,not successfully,258
489,not successfully,188
490,successfully,87
491,successfully,328
492,successfully,424
493,not successfully,499
494,not successfully,61
495,not successfully,356
496,not successfully,476
497,not successfully,413
498,not successfully,24
499,successfully,470
500,not successfully,205